FECHA_EJECUCION,HORA_EJECUCION,ENDPOINT,TOTAL_REGISTROS
2025-03-05,09:54:15,faltas_graves_personas_morales,6
2025-03-05,09:54:15,faltas_graves_personas_fisicas,60
2025-03-05,09:54:15,faltas_administrativas_graves,319
2025-03-05,09:54:15,faltas_administrativas_no_graves,13100
2025-03-06,12:13:50,faltas_graves_personas_morales,6
2025-03-06,12:13:50,faltas_graves_personas_fisicas,60
2025-03-06,12:13:50,faltas_administrativas_graves,319
2025-03-06,12:13:50,faltas_administrativas_no_graves,13100
2025-03-07,14:12:10,faltas_graves_personas_morales,6
2025-03-07,14:12:10,faltas_graves_personas_fisicas,60
2025-03-07,14:12:10,faltas_administrativas_graves,319
2025-03-07,14:12:10,faltas_administrativas_no_graves,13100
2025-03-10,13:11:25,faltas_graves_personas_morales,6
2025-03-10,13:11:25,faltas_graves_personas_fisicas,60
2025-03-10,13:11:25,faltas_administrativas_graves,320
2025-03-10,13:11:25,faltas_administrativas_no_graves,13100
2025-03-11,12:56:35,faltas_graves_personas_morales,6
2025-03-11,12:56:35,faltas_graves_personas_fisicas,60
2025-03-11,12:56:35,faltas_administrativas_graves,320
2025-03-11,12:56:35,faltas_administrativas_no_graves,13102
2025-03-11,13:13:32,faltas_graves_personas_morales,6
2025-03-11,13:13:32,faltas_graves_personas_fisicas,60
2025-03-11,13:13:32,faltas_administrativas_graves,320
2025-03-11,13:13:32,faltas_administrativas_no_graves,13102
2025-03-12,14:04:37,faltas_graves_personas_morales,6
2025-03-12,14:04:37,faltas_graves_personas_fisicas,12
2025-03-12,14:04:37,faltas_administrativas_graves,318
2025-03-12,14:04:37,faltas_administrativas_no_graves,12917
2025-03-13,18:00:32,faltas_graves_personas_morales,6
2025-03-13,18:00:32,faltas_graves_personas_fisicas,60
2025-03-13,18:00:32,faltas_administrativas_graves,319
2025-03-13,18:00:32,faltas_administrativas_no_graves,13104
2025-03-14,09:58:52,faltas_graves_personas_morales,6
2025-03-14,09:58:52,faltas_graves_personas_fisicas,60
2025-03-14,09:58:52,faltas_administrativas_graves,319
2025-03-14,09:58:52,faltas_administrativas_no_graves,13104
2025-03-14,10:20:03,faltas_graves_personas_morales,6
2025-03-14,10:20:03,faltas_graves_personas_fisicas,60
2025-03-14,10:20:03,faltas_administrativas_graves,319
2025-03-14,10:20:03,faltas_administrativas_no_graves,13104
2025-03-16,12:59:18,faltas_graves_personas_morales,6
2025-03-16,12:59:18,faltas_graves_personas_fisicas,60
2025-03-16,12:59:18,faltas_administrativas_graves,319
2025-03-16,12:59:18,faltas_administrativas_no_graves,13103
2025-03-17,15:20:18,faltas_graves_personas_morales,6
2025-03-17,15:20:18,faltas_graves_personas_fisicas,60
2025-03-17,15:20:18,faltas_administrativas_graves,319
2025-03-17,15:20:18,faltas_administrativas_no_graves,13108
2025-03-18,10:59:33,faltas_graves_personas_morales,6
2025-03-18,10:59:33,faltas_graves_personas_fisicas,60
2025-03-18,10:59:33,faltas_administrativas_graves,319
2025-03-18,10:59:33,faltas_administrativas_no_graves,13108
2025-03-18,11:08:59,faltas_graves_personas_morales,6
2025-03-18,11:08:59,faltas_graves_personas_fisicas,60
2025-03-18,11:08:59,faltas_administrativas_graves,319
2025-03-18,11:08:59,faltas_administrativas_no_graves,13108
2025-03-19,11:47:49,faltas_graves_personas_morales,6
2025-03-19,11:47:49,faltas_graves_personas_fisicas,60
2025-03-19,11:47:49,faltas_administrativas_graves,320
2025-03-19,11:47:49,faltas_administrativas_no_graves,13108
2025-03-20,10:03:23,faltas_graves_personas_morales,6
2025-03-20,10:03:23,faltas_graves_personas_fisicas,60
2025-03-20,10:03:23,faltas_administrativas_graves,319
2025-03-20,10:03:23,faltas_administrativas_no_graves,13109
2025-03-21,10:03:16,faltas_graves_personas_morales,6
2025-03-21,10:03:16,faltas_graves_personas_fisicas,60
2025-03-21,10:03:16,faltas_administrativas_graves,319
2025-03-21,10:03:16,faltas_administrativas_no_graves,13110
2025-03-24,10:03:27,faltas_graves_personas_morales,6
2025-03-24,10:03:27,faltas_graves_personas_fisicas,60
2025-03-24,10:03:27,faltas_administrativas_graves,319
2025-03-24,10:03:27,faltas_administrativas_no_graves,13110
2025-03-25,10:06:42,faltas_graves_personas_morales,6
2025-03-25,10:06:42,faltas_graves_personas_fisicas,60
2025-03-25,10:06:42,faltas_administrativas_graves,309
2025-03-25,10:06:42,faltas_administrativas_no_graves,13110
2025-03-26,10:03:26,faltas_graves_personas_morales,6
2025-03-26,10:03:26,faltas_graves_personas_fisicas,60
2025-03-26,10:03:26,faltas_administrativas_graves,319
2025-03-26,10:03:26,faltas_administrativas_no_graves,13116
2025-03-27,10:07:35,faltas_graves_personas_morales,6
2025-03-27,10:07:35,faltas_graves_personas_fisicas,60
2025-03-27,10:07:35,faltas_administrativas_graves,309
2025-03-27,10:07:35,faltas_administrativas_no_graves,13111
2025-03-28,10:49:37,faltas_graves_personas_morales,6
2025-03-28,10:49:37,faltas_graves_personas_fisicas,60
2025-03-28,10:49:37,faltas_administrativas_graves,321
2025-03-28,10:49:37,faltas_administrativas_no_graves,13121
2025-03-31,10:07:37,faltas_graves_personas_morales,6
2025-03-31,10:07:37,faltas_graves_personas_fisicas,60
2025-03-31,10:07:37,faltas_administrativas_graves,311
2025-03-31,10:07:37,faltas_administrativas_no_graves,13115
2025-04-01,10:41:27,faltas_graves_personas_morales,1
2025-04-01,10:41:27,faltas_graves_personas_fisicas,60
2025-04-01,10:41:27,faltas_administrativas_graves,295
2025-04-01,10:41:27,faltas_administrativas_no_graves,13115
2025-04-02,10:03:56,faltas_graves_personas_morales,6
2025-04-02,10:03:56,faltas_graves_personas_fisicas,60
2025-04-02,10:03:56,faltas_administrativas_graves,321
2025-04-02,10:03:56,faltas_administrativas_no_graves,13126
2025-04-03,10:03:43,faltas_graves_personas_morales,5
2025-04-03,10:03:43,faltas_graves_personas_fisicas,54
2025-04-03,10:03:43,faltas_administrativas_graves,95
2025-04-03,10:03:43,faltas_administrativas_no_graves,4467
2025-04-04,10:04:18,faltas_graves_personas_morales,5
2025-04-04,10:04:18,faltas_graves_personas_fisicas,54
2025-04-04,10:04:18,faltas_administrativas_graves,95
2025-04-04,10:04:18,faltas_administrativas_no_graves,4468
2025-04-07,10:17:28,faltas_graves_personas_morales,6
2025-04-07,10:17:28,faltas_graves_personas_fisicas,60
2025-04-07,10:17:28,faltas_administrativas_graves,320
2025-04-07,10:17:28,faltas_administrativas_no_graves,13140
2025-04-08,10:04:49,faltas_graves_personas_morales,6
2025-04-08,10:04:49,faltas_graves_personas_fisicas,60
2025-04-08,10:04:49,faltas_administrativas_graves,320
2025-04-08,10:04:49,faltas_administrativas_no_graves,13165
